"id","id","name","shortcut"
"__export__.res_partner_title_46_f1905fb5","__export__.res_partner_title_46_f1905fb5","ASSOCIATION","ASS."
"__export__.res_partner_title_110_efa3fce9","__export__.res_partner_title_110_efa3fce9","CIV",""
"__export__.res_partner_title_91_484b1fd4","__export__.res_partner_title_91_484b1fd4","Colonel","Colonel"
"__export__.res_partner_title_112_e12d40bb","__export__.res_partner_title_112_e12d40bb","Comte",""
"__export__.res_partner_title_131_9462c3d1","__export__.res_partner_title_131_9462c3d1","Congregation",""
"res_partner_title_doctor","res_partner_title_doctor","Docteur","Dr."
"__export__.res_partner_title_83_78f2e838","__export__.res_partner_title_83_78f2e838","EARL","EARL"
"__export__.res_partner_title_136_126d398f","__export__.res_partner_title_136_126d398f","EI",""
"__export__.res_partner_title_57_3832ef99","__export__.res_partner_title_57_3832ef99","EIRL","EIRL"
"__export__.res_partner_title_63_cd55f0ba","__export__.res_partner_title_63_cd55f0ba","ESAT","ESAT"
"__export__.res_partner_title_71_2d790bd3","__export__.res_partner_title_71_2d790bd3","ETS","Ets"
"__export__.res_partner_title_55_a233fe26","__export__.res_partner_title_55_a233fe26","EURL","EURL"
"__export__.res_partner_title_109_52b698fd","__export__.res_partner_title_109_52b698fd","GAEC",""
"__export__.res_partner_title_79_3f0bbe22","__export__.res_partner_title_79_3f0bbe22","GIE","GIE"
"__export__.res_partner_title_92_a6b8ce3c","__export__.res_partner_title_92_a6b8ce3c","Indivision","Indivision"
"__export__.res_partner_title_135_d0c40f6b","__export__.res_partner_title_135_d0c40f6b","M SANS CONTRAT DE MAINTENANCE 1206",""
"__export__.res_partner_title_98_7be7b7a1","__export__.res_partner_title_98_7be7b7a1","M.",""
"__export__.res_partner_title_95_6ab63e96","__export__.res_partner_title_95_6ab63e96","M. et Mme",""
"__export__.res_partner_title_140_79cca7c3","__export__.res_partner_title_140_79cca7c3","M;",""
"res_partner_title_miss","res_partner_title_miss","Mademoiselle","Mademoiselle"
"__export__.res_partner_title_121_65af3a8e","__export__.res_partner_title_121_65af3a8e","Mairie",""
"__export__.res_partner_title_93_5728ffbf","__export__.res_partner_title_93_5728ffbf","Marquis","Marquis"
"__export__.res_partner_title_86_b5f53183","__export__.res_partner_title_86_b5f53183","Maître","Maître"
"__export__.res_partner_title_97_f8805054","__export__.res_partner_title_97_f8805054","Mlle",""
"res_partner_title_madam","res_partner_title_madam","Mme","Mme"
"__export__.res_partner_title_87_30cc99c9","__export__.res_partner_title_87_30cc99c9","Mmes","Mmes"
"res_partner_title_mister","res_partner_title_mister","Monsieur","M."
"__export__.res_partner_title_139_73b840c7","__export__.res_partner_title_139_73b840c7","Mr",""
"__export__.res_partner_title_107_b09f2ea6","__export__.res_partner_title_107_b09f2ea6","NOTAIRE ",""
"__export__.res_partner_title_117_33e2da87","__export__.res_partner_title_117_33e2da87","NOUVEAU SITE",""
"__export__.res_partner_title_125_ea3c83bc","__export__.res_partner_title_125_ea3c83bc","OGEC",""
"res_partner_title_prof","res_partner_title_prof","Professeur","Prof."
"__export__.res_partner_title_53_c9e4bf17","__export__.res_partner_title_53_c9e4bf17","SA","S.A."
"__export__.res_partner_title_48_2375492a","__export__.res_partner_title_48_2375492a","SARL","SARL"
"__export__.res_partner_title_58_74d8e94c","__export__.res_partner_title_58_74d8e94c","SAS","S.A.S."
"__export__.res_partner_title_59_64b442c5","__export__.res_partner_title_59_64b442c5","SASU","SASU"
"__export__.res_partner_title_124_5b42eef1","__export__.res_partner_title_124_5b42eef1","SCA",""
"__export__.res_partner_title_81_7ac44350","__export__.res_partner_title_81_7ac44350","SCEA","SCEA"
"__export__.res_partner_title_106_ecf56974","__export__.res_partner_title_106_ecf56974","SCFA",""
"__export__.res_partner_title_52_27b22f40","__export__.res_partner_title_52_27b22f40","SCI","SCI"
"__export__.res_partner_title_103_e1bfbaa0","__export__.res_partner_title_103_e1bfbaa0","SCIC D’HLM","SCIC D’HLM"
"__export__.res_partner_title_70_b8e44911","__export__.res_partner_title_70_b8e44911","SCM","SCM"
"__export__.res_partner_title_75_3db176cc","__export__.res_partner_title_75_3db176cc","SCP","SCP"
"__export__.res_partner_title_61_ca1f2261","__export__.res_partner_title_61_ca1f2261","SELARL","SELARL"
"__export__.res_partner_title_51_e25f86f8","__export__.res_partner_title_51_e25f86f8","SELAS","SELAS"
"__export__.res_partner_title_108_6b4500b5","__export__.res_partner_title_108_6b4500b5","SELURL",""
"__export__.res_partner_title_50_5d66f4cc","__export__.res_partner_title_50_5d66f4cc","SNC","SNC"
"__export__.res_partner_title_67_b5f3ffb6","__export__.res_partner_title_67_b5f3ffb6","SVV","SVV"
"__export__.res_partner_title_64_7b0795bf","__export__.res_partner_title_64_7b0795bf","Société","STE"
"__export__.res_partner_title_89_9a6c678a","__export__.res_partner_title_89_9a6c678a","Soeur","Soeur"
"__export__.res_partner_title_137_f09dbe5e","__export__.res_partner_title_137_f09dbe5e","fils",""
